end,corr,vol,spec
2008-01-01,0.21425427950570447,0.799774179612437,main
2008-02-01,0.21695275177101603,0.7999231316378609,main
2008-03-01,0.25908550001505404,0.8003478648749984,main
2008-04-01,0.19093578988390905,0.8009687229530817,main
2008-05-01,0.20269429744267664,0.8016330576380583,main
2008-06-01,0.21264951023703202,0.8027717486130265,main
2008-07-01,0.30867152736503994,0.8047204989795625,main
2008-08-01,0.2438497119670888,0.807358773561374,main
2008-09-01,0.27930353704113486,0.8105386967482536,main
2008-10-01,0.34084847941015756,0.8136871417444961,main
2008-11-01,0.0035028415302011525,0.817372054203281,main
2008-12-01,0.348097325645547,0.8224140653023259,main
2009-01-01,0.3711471350224617,0.8287648001244989,main
2009-02-01,0.342110695006891,0.8360616974199504,main
2009-03-01,0.34210637434186814,0.8446049486238942,main
2009-04-01,0.36438968006703265,0.8545239195000349,main
2009-05-01,0.36271264599961306,0.8660780313756281,main
2009-06-01,0.36561736435588554,0.8792379968314342,main
2009-07-01,0.3626903263815176,0.8944361426597144,main
2009-08-01,0.358948975434772,0.9111502584282427,main
2009-09-01,0.3656196865795878,0.9291889086428319,main
2009-10-01,0.37226084353808436,0.9477569859946048,main
2009-11-01,0.36856619130948154,0.966067746173509,main
2009-12-01,0.3669201895786645,0.9842271408014336,main
2010-01-01,0.3689637042227884,1.0023767784233482,main
2010-02-01,0.3694791274331697,1.0205593603545515,main
2010-03-01,0.3655832148242162,1.038909486230288,main
2010-04-01,0.3692063143389662,1.0571360779267447,main
2010-05-01,0.35357722219408416,1.075420267824333,main
2010-06-01,0.36112206101015565,1.094122646892552,main
2010-07-01,0.36322767221690216,1.1130649361939386,main
2010-08-01,0.3624565117257767,1.1319178143982327,main
2010-09-01,0.3610276799333379,1.149739209118679,main
2010-10-01,0.37644790481078133,1.1669324762558104,main
2010-11-01,0.4210488819901614,1.1841878657519964,main
2010-12-01,0.4192731291779087,1.201436693578019,main
2011-01-01,0.41433081482538786,1.2183267110991374,main
2011-02-01,0.41427017279411116,1.2350191334768694,main
2011-03-01,0.39068459759630314,1.25151243901188,main
2011-04-01,0.387657200699628,1.2677935091202954,main
2011-05-01,0.3977067608870226,1.283781912571849,main
2011-06-01,0.3993985728238806,1.2992305509593685,main
2011-07-01,0.3855610415381969,1.3141784763873683,main
2011-08-01,0.3861582967398644,1.3288151510213178,main
2011-09-01,0.39100795597266075,1.3436091080588433,main
2011-10-01,0.3898602103587711,1.3583063963835051,main
2011-11-01,0.38972837522472026,1.3731348911212529,main
2011-12-01,0.387570664045339,1.3881701173097973,main
2012-01-01,0.38821338475842027,1.4035259642700653,main
2012-02-01,0.3877652520972326,1.4192735623555526,main
2012-03-01,0.38689265567876885,1.4352882856039726,main
2012-04-01,0.37713783073680596,1.4514775371548163,main
2012-05-01,0.38001049554584704,1.4680406365588292,main
2012-06-01,0.38000120238378593,1.4851038942695378,main
2012-07-01,0.37980915639196466,1.502483572404684,main
2012-08-01,0.3829412936165126,1.519928763915599,main
2012-09-01,0.37746565104793434,1.5376446053330153,main
2012-10-01,0.3745844167781648,1.5551935562885653,main
2012-11-01,0.37693765883711305,1.5719881837769387,main
2012-12-01,0.3773990213901302,1.5882210390137017,main
2013-01-01,0.37709449673296147,1.6037201584924357,main
2013-02-01,0.3755577118375634,1.618600019030614,main
2013-03-01,0.38125419979178204,1.6329850373015165,main
2013-04-01,0.4014077890326529,1.6470510573352426,main
2013-05-01,0.39960777938754477,1.6607284685158716,main
2013-06-01,0.39898639446388917,1.6731741639936037,main
2013-07-01,0.39994715195576314,1.6836259465735364,main
2013-08-01,0.399989821943528,1.6922842428333036,main
2013-09-01,0.3975578213189831,1.6995387119509155,main
2013-10-01,0.3878688433764381,1.7065524150949762,main
2013-11-01,0.5014465132811632,1.713139704977581,main
2013-12-01,0.30510793378404927,1.7182028054395404,main
2014-01-01,0.26195985345227674,1.721727014065142,main
2014-02-01,0.32313561660160467,1.7240581177958867,main
2014-03-01,0.3244842852001105,1.724665540571999,main
2014-04-01,0.2562485630711691,1.723334218674394,main
2014-05-01,0.2542572281273348,1.71950423838512,main
2014-06-01,0.2418219953391746,1.7129346124636307,main
2014-07-01,0.24592531653173502,1.7024180066016394,main
2014-08-01,0.2548573630358784,1.688730595821712,main
2014-09-01,0.22888976100224268,1.6719233219674872,main
2014-10-01,0.20627240198936875,1.6536413351403427,main
2014-11-01,0.23166276318895537,1.6355111132996774,main
2014-12-01,0.23369295392317055,1.6176305294862923,main
2015-01-01,0.23236642135112198,1.6005138632252143,main
2015-02-01,0.23777475094828227,1.5840552713347325,main
2015-03-01,0.23574975958998343,1.5681696767934201,main
2015-04-01,0.2102914965502914,1.5528836788728062,main
2015-05-01,0.25624799850116303,1.5380435729899615,main
2015-06-01,0.22690096775663116,1.5233640764040115,main
2015-07-01,0.22500978675676211,1.508920428287056,main
2015-08-01,0.22338457167636344,1.4947219477552325,main
2015-09-01,0.2779309459856968,1.481165936974702,main
2015-10-01,0.2195263034789163,1.4681067495845284,main
2015-11-01,0.20260419928854928,1.4551776618417274,main
2015-12-01,0.20756125494347963,1.4424201606994231,main
2016-01-01,0.21769417396945914,1.4299112353011825,main
2016-02-01,0.21626977772622832,1.4176211484709471,main
2016-03-01,0.24484020022354536,1.4053831270421904,main
2016-04-01,0.2514310723494026,1.3929859307580825,main
2016-05-01,0.19791203652203912,1.3802723336947735,main
2016-06-01,0.163487316324598,1.3672348576011089,main
2016-07-01,0.2364460261321003,1.3537742610464538,main
2016-08-01,0.23420416270604683,1.3395943337172094,main
2016-09-01,0.2019302102665551,1.324295925736362,main
2016-10-01,0.20594772017919166,1.3081558207756925,main
2016-11-01,0.20145881622371467,1.2911441558333663,main
2016-12-01,0.19464468424064765,1.273627798426909,main
2017-01-01,0.20806665118164305,1.2557953219165832,main
2017-02-01,0.21049201221537484,1.2378806722495335,main
2017-03-01,0.17738547904043717,1.2199148512933247,main
2017-04-01,0.19834439258349673,1.2019235536862787,main
2017-05-01,0.1577504189726603,1.183952593064783,main
2017-06-01,0.1480756139327059,1.1659717799597187,main
2017-07-01,0.14921904211979994,1.147975422769602,main
2017-08-01,0.0757718012015242,1.1300122184782462,main
2017-09-01,0.12513406343093036,1.1121433791984905,main
2017-10-01,0.13784153589485162,1.094396606756432,main
2017-11-01,0.13528349983116805,1.0771307914041834,main
2017-12-01,0.14487658232450054,1.0602664880140358,main
2018-01-01,0.14312155018790548,1.0438995629893204,main
2018-02-01,0.14270402443087277,1.0279765108829053,main
2018-03-01,0.13186489382543426,1.0125411787124206,main
2018-04-01,0.11746904216174328,0.9975936438452844,main
2018-05-01,0.11821926555960892,0.9833829069448967,main
2018-06-01,0.0932651026866059,0.9703248047053932,main
2018-07-01,0.08145534040793415,0.9588172064845097,main
2018-08-01,0.10253430570244661,0.9487591437271874,main
2018-09-01,0.08867510814246118,0.9398472300267815,main
2018-10-01,0.11942691301099351,0.9314523583697533,main
2018-11-01,0.12623236791508832,0.9231249414865766,main
2018-12-01,0.1295901828938924,0.9151041917053606,main
2019-01-01,0.12109782970830424,0.907396109339403,main
2019-02-01,0.14110446226591805,0.8999160622783073,main
2019-03-01,0.13799403858369155,0.89293612148437,main
2019-04-01,0.13895140525226862,0.8865177036858508,main
2019-05-01,0.10083581846128939,0.8808999855868208,main
2019-06-01,0.1306550576403947,0.8763353785277572,main
2019-07-01,0.10366833747306788,0.8736488980971641,main
2019-08-01,0.08713002949474674,0.8726299991328574,main
2019-09-01,0.07271156158965555,0.8734089178229386,main
2019-10-01,0.0777034945264403,0.8750548176024993,main
2019-11-01,0.07114947837606349,0.8766268809139972,main
2019-12-01,0.052840524201460716,0.8779581763660395,main
2020-01-01,0.010281804245852243,0.8781654456749499,main
2020-02-01,0.0009496329218643855,0.8773121393583874,main
2020-03-01,0.07314481756079397,0.8754257053116993,main
2020-04-01,0.08654412018373216,0.8727466630328863,main
2020-05-01,0.09037752259568867,0.8695165518759983,main
2020-06-01,0.07812316357763556,0.865735586673788,main
2020-07-01,0.07338678499567221,0.861331591455881,main
2020-08-01,0.08592720393519894,0.8562817369257795,main
2020-09-01,0.07885055069956468,0.8503077329700707,main
2020-10-01,0.07401752981840022,0.8435407466498195,main
2020-11-01,0.06622915128850701,0.836303778881728,main
2020-12-01,0.02032955583684687,0.8286875520154087,main
2021-01-01,0.04101447998209921,0.8210163698625623,main
2021-02-01,0.03598331041067772,0.8130851016585431,main
2021-03-01,0.014937081969317399,0.8051788184762732,main
2021-04-01,0.03497060185709555,0.7985757848688414,main
2021-05-01,0.08688326719360392,0.7940546568856404,main
2021-06-01,0.12729622872143148,0.7917917971551299,main
2021-07-01,0.10143973980428897,0.7914551297462782,main
2021-08-01,0.11118335184883532,0.7930345664205404,main
2021-09-01,0.11517637887958236,0.7967933089921371,main
2021-10-01,0.12981630895104598,0.8031917803300389,main
2021-11-01,0.13435506282033177,0.8125946143356565,main
2021-12-01,0.15401621815178715,0.8246911576283782,main
2022-01-01,0.1358987439155525,0.83937925891036,main
2022-02-01,0.13628695127042406,0.8564962064392196,main
2022-03-01,0.19315488998159844,0.8763259935858106,main
2022-04-01,0.18247272113498741,0.8982706319634929,main
2022-05-01,0.1976972818241467,0.922252192023665,main
2022-06-01,0.19729102775392554,0.9483668519305345,main
2022-07-01,0.20966563394899923,0.976043179890991,main
2022-08-01,0.15499708334965553,1.0050154148689778,main
2022-09-01,0.15521218399377662,1.0351693656024548,main
2022-10-01,0.1556002388422981,1.0662769660114046,main
2022-11-01,0.15742660293731642,1.0978868420230774,main
2022-12-01,0.1824192111623331,1.1297125726855144,main
2023-01-01,0.17493658788917868,1.1616857289259348,main
2023-02-01,0.17292216051011897,1.1937306071591918,main
2023-03-01,0.17009547354063922,1.2255559375594252,main
2023-04-01,0.15839913864680163,1.2571339403225512,main
2023-05-01,0.1449371183043254,1.2883060564846789,main
2023-06-01,0.14414598008926977,1.3191274156639576,main
2023-07-01,0.14815646758784026,1.3496003271453774,main
2023-08-01,0.14866267374013592,1.3797522482260463,main
2023-09-01,0.15175406328911706,1.409669379712546,main
2023-10-01,0.15607321960994136,1.439392884498758,main
2023-11-01,0.13919310125378045,1.4689228506116236,main
2023-12-01,0.18667350652401626,1.4982304153701507,main
2024-01-01,0.1817670696052552,1.52724518162495,main
2024-02-01,0.18026288127854256,1.5559875059531914,main
2024-03-01,0.18102845768972073,1.584472817161177,main
2024-04-01,0.1890708147335223,1.6127536299556609,main
2024-05-01,0.20552479416781003,1.640838718559023,main
2024-06-01,0.20388758261967646,1.6687095047841585,main
2024-07-01,0.20429793277676675,1.6963814670052801,main
2024-08-01,0.21509236708795068,1.7238592819827416,main
2024-09-01,0.2161382545737891,1.751161161170448,main
2024-10-01,0.20857385203357617,1.7782637437623119,main
2024-11-01,0.210613078654589,1.8051998383892824,main
2024-12-01,0.21588681016500247,1.832064655193441,main
2025-01-01,0.22687444514870322,1.8592313196692294,main
2025-02-01,0.18643019000737113,1.886716461955848,main
2025-03-01,0.13934703843091786,1.9144536617400318,main
2025-04-01,0.13218676443614727,1.941741456199886,main
2025-05-01,0.13475305747439142,1.9683513053662625,main
2025-06-01,0.12096900941158374,1.9945864544904872,main
2025-07-01,0.11237040873673049,2.020606729618168,main
2025-08-01,0.1101014440654155,2.0465422810092715,main
2025-09-01,0.1114826660359079,2.072599399380716,main
2025-10-01,0.11556106570166179,2.098687334619887,main
2025-11-01,0.12230433920091274,2.124592956103513,main
2025-12-01,0.1438586453165324,2.1503101664538793,main
2026-01-01,0.12834689720438425,2.175707770593981,main
2026-02-01,0.1453529274133246,2.2010569315079596,main
2026-03-01,0.13967658884399314,2.2263053770585546,main
2026-04-01,0.14301180032504504,2.2505349242304393,main
2026-05-01,0.09841855799537935,2.2731229338610652,main
2026-06-01,0.09245443685984124,2.293986266482596,main
2026-07-01,0.10349452555803591,2.3135374884761215,main
